{
  "all_points": {
    "n": 1762490,
    "pearson_sl2rho": 0.07174997035552365,
    "pearson_rdg": 0.403826023248791,
    "spearman_sl2rho": 0.9509954219589888,
    "spearman_rdg": 0.32318222524622137,
    "mae_sl2rho": 0.01548963950336159,
    "mae_rdg": 51.497651344774724,
    "rmse_sl2rho": 0.600642041083646,
    "rmse_rdg": 869.1188378103967
  },
  "attractive_points_sl2rho_lt_0": {
    "n": 975694,
    "pearson_sl2rho": 0.04592608375413883,
    "pearson_rdg": 0.9722754973471582,
    "spearman_sl2rho": 0.9281884801555058,
    "spearman_rdg": 0.2010817300066304,
    "mae_sl2rho": 0.027591195291156504,
    "mae_rdg": 18.422895253557428,
    "rmse_sl2rho": 0.8071847215503628,
    "rmse_rdg": 42.55745566928595
  },
  "trimmed": {
    "n": 1758964,
    "pearson_sl2rho": 0.6461904183607781,
    "pearson_rdg": 0.7302511933659458,
    "spearman_sl2rho": 0.956688303686988,
    "spearman_rdg": 0.32952170560775446,
    "mae_sl2rho": 0.004984597078421668,
    "mae_rdg": 28.39624847100055,
    "rmse_sl2rho": 0.0823649238670196,
    "rmse_rdg": 363.14972667484665,
    "quantile": 0.999
  },
  "low_rdg": {
    "n": 346893,
    "pearson_sl2rho": 0.9900953111610613,
    "pearson_rdg": 0.9989565944965901,
    "spearman_sl2rho": 0.9898756728785998,
    "spearman_rdg": 0.9992799159385664,
    "mae_sl2rho": 0.00022648704688152236,
    "mae_rdg": 0.008945248083195606,
    "rmse_sl2rho": 0.003339069055040551,
    "rmse_rdg": 0.01759291013580329,
    "threshold": 2.0
  }
}